<?xml version="1.0" ?>
<PERSISTENCE_CONFIG>
    <resource>
        <name>SW_Version_Major</name>
        <permission>r</permission>
        <data_type>integer</data_type>
        <default>2</default>
        <default_size>1</default_size>
    </resource>
    <resource>
        <name>SW_Version_Minor</name>
        <permission>r</permission>
        <data_type>integer</data_type>
        <default>2</default>
        <default_size>1</default_size>
    </resource>
    <resource>
        <name>SW_Version_Patch</name>
        <permission>r</permission>
        <data_type>integer</data_type>
        <default>0</default>
        <default_size>1</default_size>
    </resource>
    <resource>
        <name>Enable_Log</name>
        <permission>rw</permission>
        <data_type>integer</data_type>
        <default>0</default>
        <default_size>1</default_size>
    </resource>
    <resource>
        <name>NMEA_USB</name>
        <permission>r</permission>
        <data_type>string</data_type>
        <default>/dev/at_usb1</default>
        <default_size>12</default_size>
    </resource>
    <resource>
        <name>NMEA_GPS</name>
        <permission>rw</permission>
        <data_type>integer</data_type>
        <default>31</default>
        <default_size>1</default_size>
    </resource>
    <resource>
        <name>NMEA_GALILEO</name>
        <permission>rw</permission>
        <data_type>integer</data_type>
        <default>31</default>
        <default_size>1</default_size>
    </resource>
    <resource>
        <name>NMEA_GLONASS</name>
        <permission>rw</permission>
        <data_type>integer</data_type>
        <default>31</default>
        <default_size>1</default_size>
    </resource>
    <resource>
        <name>NMEA_QZSS</name>
        <permission>rw</permission>
        <data_type>integer</data_type>
        <default>31</default>
        <default_size>1</default_size>
    </resource>
    <resource>
        <name>NMEA_BAIDOU</name>
        <permission>rw</permission>
        <data_type>integer</data_type>
        <default>31</default>
        <default_size>1</default_size>
    </resource>
    <resource>
        <name>NMEA_SBAS</name>
        <permission>rw</permission>
        <data_type>integer</data_type>
        <default>31</default>
        <default_size>1</default_size>
    </resource>
    <resource>
        <name>NMEA_COMPASS</name>
        <permission>rw</permission>
        <data_type>integer</data_type>
        <default>31</default>
        <default_size>1</default_size>
    </resource>
    <resource>
        <name>FW_Version</name>
        <permission>r</permission>
        <data_type>string</data_type>
        <default>2.1.6</default>
        <default_size>5</default_size>
    </resource>
    <resource>
        <name>User_UART</name>
        <permission>r</permission>
        <data_type>string</data_type>
        <default>/dev/ttyMSM3</default>
        <default_size>12</default_size>
    </resource>
    <resource>
        <name>LDO5_Path</name>
        <permission>r</permission>
        <data_type>string</data_type>
        <default>/sys/kernel/debug/regulator/soc:qcom,smd:rpm:rpmb@0:rpm-regulator-ldoa5:regulator-l5-mdm9607_l5</default>
        <default_size>95</default_size>
    </resource>
    <resource>
        <name>LDO6_Path</name>
        <permission>r</permission>
        <data_type>string</data_type>
        <default>/sys/kernel/debug/regulator/soc:qcom,smd:rpm:rpmb@0:rpm-regulator-ldoa6:regulator-l6-mdm9607_l6</default>
        <default_size>95</default_size>
    </resource>
    <resource>
        <name>HTTP_Xtra_Url1</name>
        <permission>rw</permission>
        <data_type>string</data_type>
        <default>path1.xtracloud.net/xtra3grc.bin</default>
        <default_size>32</default_size>
    </resource>
    <resource>
        <name>HTTP_Xtra_Url2</name>
        <permission>rw</permission>
        <data_type>string</data_type>
        <default>path2.xtracloud.net/xtra3grc.bin</default>
        <default_size>32</default_size>
    </resource>
    <resource>
        <name>HTTP_Xtra_Url3</name>
        <permission>rw</permission>
        <data_type>string</data_type>
        <default>path3.xtracloud.net/xtra3grc.bin</default>
        <default_size>32</default_size>
    </resource>
    <resource>
        <name>Xtra_Data_Min_Size</name>
        <permission>rw</permission>
        <data_type>integer</data_type>
        <default>0</default>
        <default_size>1</default_size>
    </resource>
    <resource>
        <name>Agnss_Auto_Start</name>
        <permission>rw</permission>
        <data_type>integer</data_type>
        <default>0</default>
        <default_size>1</default_size>
    </resource>
    <resource>
        <name>SimSwap_PIN</name>
        <permission>rw</permission>
        <data_type>integer</data_type>
        <default>35</default>
        <default_size>1</default_size>
    </resource>
    <resource>
        <name>RF_PIN</name>
        <permission>rw</permission>
        <data_type>integer</data_type>
        <default>24</default>
        <default_size>1</default_size>
    </resource>
    <resource>
        <name>LTE_Bands</name>
        <permission>r</permission>
        <data_type>string</data_type>
        <default>1,3,5,8,20,40</default>
        <default_size>13</default_size>
    </resource>
</PERSISTENCE_CONFIG>
